sample_id	pairs_processed	r1_with_adapter_pct	r2_with_adapter_pct	pairs_too_short_pct	pairs_discarded_untrimmed_pct	pairs_written	pairs_written_pct	r1_trimmed	r2_trimmed	sample_log
M1	75419	99.6	99.6	0	0	75419	100	/home/dani/descartes_exp2/custom_dada2_preprocessing/results/01_cutadapt/run_02_optimized/trimmed_fastq/M1_R1.trimmed.fastq.gz	/home/dani/descartes_exp2/custom_dada2_preprocessing/results/01_cutadapt/run_02_optimized/trimmed_fastq/M1_R2.trimmed.fastq.gz	/home/dani/descartes_exp2/custom_dada2_preprocessing/results/01_cutadapt/run_02_optimized/sample_logs/M1.cutadapt.log
M2	63164	99.7	99.8	0	0	63164	100	/home/dani/descartes_exp2/custom_dada2_preprocessing/results/01_cutadapt/run_02_optimized/trimmed_fastq/M2_R1.trimmed.fastq.gz	/home/dani/descartes_exp2/custom_dada2_preprocessing/results/01_cutadapt/run_02_optimized/trimmed_fastq/M2_R2.trimmed.fastq.gz	/home/dani/descartes_exp2/custom_dada2_preprocessing/results/01_cutadapt/run_02_optimized/sample_logs/M2.cutadapt.log
X1.1t30	69656	99.6	99.8	0	0	69656	100	/home/dani/descartes_exp2/custom_dada2_preprocessing/results/01_cutadapt/run_02_optimized/trimmed_fastq/X1.1t30_R1.trimmed.fastq.gz	/home/dani/descartes_exp2/custom_dada2_preprocessing/results/01_cutadapt/run_02_optimized/trimmed_fastq/X1.1t30_R2.trimmed.fastq.gz	/home/dani/descartes_exp2/custom_dada2_preprocessing/results/01_cutadapt/run_02_optimized/sample_logs/X1.1t30.cutadapt.log
X1.1t7	81909	99.4	92.5	0	0	81909	100	/home/dani/descartes_exp2/custom_dada2_preprocessing/results/01_cutadapt/run_02_optimized/trimmed_fastq/X1.1t7_R1.trimmed.fastq.gz	/home/dani/descartes_exp2/custom_dada2_preprocessing/results/01_cutadapt/run_02_optimized/trimmed_fastq/X1.1t7_R2.trimmed.fastq.gz	/home/dani/descartes_exp2/custom_dada2_preprocessing/results/01_cutadapt/run_02_optimized/sample_logs/X1.1t7.cutadapt.log
X1.1t90	65837	99.7	99	0	0	65837	100	/home/dani/descartes_exp2/custom_dada2_preprocessing/results/01_cutadapt/run_02_optimized/trimmed_fastq/X1.1t90_R1.trimmed.fastq.gz	/home/dani/descartes_exp2/custom_dada2_preprocessing/results/01_cutadapt/run_02_optimized/trimmed_fastq/X1.1t90_R2.trimmed.fastq.gz	/home/dani/descartes_exp2/custom_dada2_preprocessing/results/01_cutadapt/run_02_optimized/sample_logs/X1.1t90.cutadapt.log
X1.2t30	75345	99.8	99.7	0	0	75345	100	/home/dani/descartes_exp2/custom_dada2_preprocessing/results/01_cutadapt/run_02_optimized/trimmed_fastq/X1.2t30_R1.trimmed.fastq.gz	/home/dani/descartes_exp2/custom_dada2_preprocessing/results/01_cutadapt/run_02_optimized/trimmed_fastq/X1.2t30_R2.trimmed.fastq.gz	/home/dani/descartes_exp2/custom_dada2_preprocessing/results/01_cutadapt/run_02_optimized/sample_logs/X1.2t30.cutadapt.log
X1.2t7	62125	99.4	91.2	0	0	62125	100	/home/dani/descartes_exp2/custom_dada2_preprocessing/results/01_cutadapt/run_02_optimized/trimmed_fastq/X1.2t7_R1.trimmed.fastq.gz	/home/dani/descartes_exp2/custom_dada2_preprocessing/results/01_cutadapt/run_02_optimized/trimmed_fastq/X1.2t7_R2.trimmed.fastq.gz	/home/dani/descartes_exp2/custom_dada2_preprocessing/results/01_cutadapt/run_02_optimized/sample_logs/X1.2t7.cutadapt.log
X1.2t90	64382	99.7	99.6	0	0	64382	100	/home/dani/descartes_exp2/custom_dada2_preprocessing/results/01_cutadapt/run_02_optimized/trimmed_fastq/X1.2t90_R1.trimmed.fastq.gz	/home/dani/descartes_exp2/custom_dada2_preprocessing/results/01_cutadapt/run_02_optimized/trimmed_fastq/X1.2t90_R2.trimmed.fastq.gz	/home/dani/descartes_exp2/custom_dada2_preprocessing/results/01_cutadapt/run_02_optimized/sample_logs/X1.2t90.cutadapt.log
X1.3t30	63556	99.6	98.4	0	0	63556	100	/home/dani/descartes_exp2/custom_dada2_preprocessing/results/01_cutadapt/run_02_optimized/trimmed_fastq/X1.3t30_R1.trimmed.fastq.gz	/home/dani/descartes_exp2/custom_dada2_preprocessing/results/01_cutadapt/run_02_optimized/trimmed_fastq/X1.3t30_R2.trimmed.fastq.gz	/home/dani/descartes_exp2/custom_dada2_preprocessing/results/01_cutadapt/run_02_optimized/sample_logs/X1.3t30.cutadapt.log
X1.3t7	63569	99.7	97	0	0	63569	100	/home/dani/descartes_exp2/custom_dada2_preprocessing/results/01_cutadapt/run_02_optimized/trimmed_fastq/X1.3t7_R1.trimmed.fastq.gz	/home/dani/descartes_exp2/custom_dada2_preprocessing/results/01_cutadapt/run_02_optimized/trimmed_fastq/X1.3t7_R2.trimmed.fastq.gz	/home/dani/descartes_exp2/custom_dada2_preprocessing/results/01_cutadapt/run_02_optimized/sample_logs/X1.3t7.cutadapt.log
X1.3t90	63635	99.6	92.7	0	0	63635	100	/home/dani/descartes_exp2/custom_dada2_preprocessing/results/01_cutadapt/run_02_optimized/trimmed_fastq/X1.3t90_R1.trimmed.fastq.gz	/home/dani/descartes_exp2/custom_dada2_preprocessing/results/01_cutadapt/run_02_optimized/trimmed_fastq/X1.3t90_R2.trimmed.fastq.gz	/home/dani/descartes_exp2/custom_dada2_preprocessing/results/01_cutadapt/run_02_optimized/sample_logs/X1.3t90.cutadapt.log
X1.4t30	65358	99.6	99.7	0	0	65358	100	/home/dani/descartes_exp2/custom_dada2_preprocessing/results/01_cutadapt/run_02_optimized/trimmed_fastq/X1.4t30_R1.trimmed.fastq.gz	/home/dani/descartes_exp2/custom_dada2_preprocessing/results/01_cutadapt/run_02_optimized/trimmed_fastq/X1.4t30_R2.trimmed.fastq.gz	/home/dani/descartes_exp2/custom_dada2_preprocessing/results/01_cutadapt/run_02_optimized/sample_logs/X1.4t30.cutadapt.log
X1.4t7	76027	99.6	95.8	0	0	76027	100	/home/dani/descartes_exp2/custom_dada2_preprocessing/results/01_cutadapt/run_02_optimized/trimmed_fastq/X1.4t7_R1.trimmed.fastq.gz	/home/dani/descartes_exp2/custom_dada2_preprocessing/results/01_cutadapt/run_02_optimized/trimmed_fastq/X1.4t7_R2.trimmed.fastq.gz	/home/dani/descartes_exp2/custom_dada2_preprocessing/results/01_cutadapt/run_02_optimized/sample_logs/X1.4t7.cutadapt.log
X1.4t90	65964	99.7	99.7	0	0	65964	100	/home/dani/descartes_exp2/custom_dada2_preprocessing/results/01_cutadapt/run_02_optimized/trimmed_fastq/X1.4t90_R1.trimmed.fastq.gz	/home/dani/descartes_exp2/custom_dada2_preprocessing/results/01_cutadapt/run_02_optimized/trimmed_fastq/X1.4t90_R2.trimmed.fastq.gz	/home/dani/descartes_exp2/custom_dada2_preprocessing/results/01_cutadapt/run_02_optimized/sample_logs/X1.4t90.cutadapt.log
X1.5t30	78607	99.6	89.2	0	0	78607	100	/home/dani/descartes_exp2/custom_dada2_preprocessing/results/01_cutadapt/run_02_optimized/trimmed_fastq/X1.5t30_R1.trimmed.fastq.gz	/home/dani/descartes_exp2/custom_dada2_preprocessing/results/01_cutadapt/run_02_optimized/trimmed_fastq/X1.5t30_R2.trimmed.fastq.gz	/home/dani/descartes_exp2/custom_dada2_preprocessing/results/01_cutadapt/run_02_optimized/sample_logs/X1.5t30.cutadapt.log
X1.5t7	66218	99.5	98.2	0	0	66218	100	/home/dani/descartes_exp2/custom_dada2_preprocessing/results/01_cutadapt/run_02_optimized/trimmed_fastq/X1.5t7_R1.trimmed.fastq.gz	/home/dani/descartes_exp2/custom_dada2_preprocessing/results/01_cutadapt/run_02_optimized/trimmed_fastq/X1.5t7_R2.trimmed.fastq.gz	/home/dani/descartes_exp2/custom_dada2_preprocessing/results/01_cutadapt/run_02_optimized/sample_logs/X1.5t7.cutadapt.log
X1.5t90	64173	99.5	99.3	0	0	64173	100	/home/dani/descartes_exp2/custom_dada2_preprocessing/results/01_cutadapt/run_02_optimized/trimmed_fastq/X1.5t90_R1.trimmed.fastq.gz	/home/dani/descartes_exp2/custom_dada2_preprocessing/results/01_cutadapt/run_02_optimized/trimmed_fastq/X1.5t90_R2.trimmed.fastq.gz	/home/dani/descartes_exp2/custom_dada2_preprocessing/results/01_cutadapt/run_02_optimized/sample_logs/X1.5t90.cutadapt.log
X2.1t30	64301	99.7	99.5	0	0	64301	100	/home/dani/descartes_exp2/custom_dada2_preprocessing/results/01_cutadapt/run_02_optimized/trimmed_fastq/X2.1t30_R1.trimmed.fastq.gz	/home/dani/descartes_exp2/custom_dada2_preprocessing/results/01_cutadapt/run_02_optimized/trimmed_fastq/X2.1t30_R2.trimmed.fastq.gz	/home/dani/descartes_exp2/custom_dada2_preprocessing/results/01_cutadapt/run_02_optimized/sample_logs/X2.1t30.cutadapt.log
X2.1t7	62030	99.6	86.7	0	0	62030	100	/home/dani/descartes_exp2/custom_dada2_preprocessing/results/01_cutadapt/run_02_optimized/trimmed_fastq/X2.1t7_R1.trimmed.fastq.gz	/home/dani/descartes_exp2/custom_dada2_preprocessing/results/01_cutadapt/run_02_optimized/trimmed_fastq/X2.1t7_R2.trimmed.fastq.gz	/home/dani/descartes_exp2/custom_dada2_preprocessing/results/01_cutadapt/run_02_optimized/sample_logs/X2.1t7.cutadapt.log
X2.1t90	63727	99.8	99.7	0	0	63727	100	/home/dani/descartes_exp2/custom_dada2_preprocessing/results/01_cutadapt/run_02_optimized/trimmed_fastq/X2.1t90_R1.trimmed.fastq.gz	/home/dani/descartes_exp2/custom_dada2_preprocessing/results/01_cutadapt/run_02_optimized/trimmed_fastq/X2.1t90_R2.trimmed.fastq.gz	/home/dani/descartes_exp2/custom_dada2_preprocessing/results/01_cutadapt/run_02_optimized/sample_logs/X2.1t90.cutadapt.log
X2.2t30	62029	99.6	99.2	0	0	62029	100	/home/dani/descartes_exp2/custom_dada2_preprocessing/results/01_cutadapt/run_02_optimized/trimmed_fastq/X2.2t30_R1.trimmed.fastq.gz	/home/dani/descartes_exp2/custom_dada2_preprocessing/results/01_cutadapt/run_02_optimized/trimmed_fastq/X2.2t30_R2.trimmed.fastq.gz	/home/dani/descartes_exp2/custom_dada2_preprocessing/results/01_cutadapt/run_02_optimized/sample_logs/X2.2t30.cutadapt.log
X2.2t7	65290	99.6	99.7	0	0	65290	100	/home/dani/descartes_exp2/custom_dada2_preprocessing/results/01_cutadapt/run_02_optimized/trimmed_fastq/X2.2t7_R1.trimmed.fastq.gz	/home/dani/descartes_exp2/custom_dada2_preprocessing/results/01_cutadapt/run_02_optimized/trimmed_fastq/X2.2t7_R2.trimmed.fastq.gz	/home/dani/descartes_exp2/custom_dada2_preprocessing/results/01_cutadapt/run_02_optimized/sample_logs/X2.2t7.cutadapt.log
X2.2t90	47463	99.7	98.8	0	0	47463	100	/home/dani/descartes_exp2/custom_dada2_preprocessing/results/01_cutadapt/run_02_optimized/trimmed_fastq/X2.2t90_R1.trimmed.fastq.gz	/home/dani/descartes_exp2/custom_dada2_preprocessing/results/01_cutadapt/run_02_optimized/trimmed_fastq/X2.2t90_R2.trimmed.fastq.gz	/home/dani/descartes_exp2/custom_dada2_preprocessing/results/01_cutadapt/run_02_optimized/sample_logs/X2.2t90.cutadapt.log
X2.3t30	65270	99.6	99.8	0	0	65270	100	/home/dani/descartes_exp2/custom_dada2_preprocessing/results/01_cutadapt/run_02_optimized/trimmed_fastq/X2.3t30_R1.trimmed.fastq.gz	/home/dani/descartes_exp2/custom_dada2_preprocessing/results/01_cutadapt/run_02_optimized/trimmed_fastq/X2.3t30_R2.trimmed.fastq.gz	/home/dani/descartes_exp2/custom_dada2_preprocessing/results/01_cutadapt/run_02_optimized/sample_logs/X2.3t30.cutadapt.log
X2.3t7	63348	99.8	99.3	0	0	63348	100	/home/dani/descartes_exp2/custom_dada2_preprocessing/results/01_cutadapt/run_02_optimized/trimmed_fastq/X2.3t7_R1.trimmed.fastq.gz	/home/dani/descartes_exp2/custom_dada2_preprocessing/results/01_cutadapt/run_02_optimized/trimmed_fastq/X2.3t7_R2.trimmed.fastq.gz	/home/dani/descartes_exp2/custom_dada2_preprocessing/results/01_cutadapt/run_02_optimized/sample_logs/X2.3t7.cutadapt.log
X2.3t90	60140	99.7	99	0	0	60140	100	/home/dani/descartes_exp2/custom_dada2_preprocessing/results/01_cutadapt/run_02_optimized/trimmed_fastq/X2.3t90_R1.trimmed.fastq.gz	/home/dani/descartes_exp2/custom_dada2_preprocessing/results/01_cutadapt/run_02_optimized/trimmed_fastq/X2.3t90_R2.trimmed.fastq.gz	/home/dani/descartes_exp2/custom_dada2_preprocessing/results/01_cutadapt/run_02_optimized/sample_logs/X2.3t90.cutadapt.log
X2.4t30	65068	99.5	99	0	0	65068	100	/home/dani/descartes_exp2/custom_dada2_preprocessing/results/01_cutadapt/run_02_optimized/trimmed_fastq/X2.4t30_R1.trimmed.fastq.gz	/home/dani/descartes_exp2/custom_dada2_preprocessing/results/01_cutadapt/run_02_optimized/trimmed_fastq/X2.4t30_R2.trimmed.fastq.gz	/home/dani/descartes_exp2/custom_dada2_preprocessing/results/01_cutadapt/run_02_optimized/sample_logs/X2.4t30.cutadapt.log
X2.4t7	79128	99.6	89.1	0	0	79128	100	/home/dani/descartes_exp2/custom_dada2_preprocessing/results/01_cutadapt/run_02_optimized/trimmed_fastq/X2.4t7_R1.trimmed.fastq.gz	/home/dani/descartes_exp2/custom_dada2_preprocessing/results/01_cutadapt/run_02_optimized/trimmed_fastq/X2.4t7_R2.trimmed.fastq.gz	/home/dani/descartes_exp2/custom_dada2_preprocessing/results/01_cutadapt/run_02_optimized/sample_logs/X2.4t7.cutadapt.log
X2.4t90	83523	99.8	99.4	0	0	83523	100	/home/dani/descartes_exp2/custom_dada2_preprocessing/results/01_cutadapt/run_02_optimized/trimmed_fastq/X2.4t90_R1.trimmed.fastq.gz	/home/dani/descartes_exp2/custom_dada2_preprocessing/results/01_cutadapt/run_02_optimized/trimmed_fastq/X2.4t90_R2.trimmed.fastq.gz	/home/dani/descartes_exp2/custom_dada2_preprocessing/results/01_cutadapt/run_02_optimized/sample_logs/X2.4t90.cutadapt.log
X2.5t30	63981	99.6	99.5	0	0	63981	100	/home/dani/descartes_exp2/custom_dada2_preprocessing/results/01_cutadapt/run_02_optimized/trimmed_fastq/X2.5t30_R1.trimmed.fastq.gz	/home/dani/descartes_exp2/custom_dada2_preprocessing/results/01_cutadapt/run_02_optimized/trimmed_fastq/X2.5t30_R2.trimmed.fastq.gz	/home/dani/descartes_exp2/custom_dada2_preprocessing/results/01_cutadapt/run_02_optimized/sample_logs/X2.5t30.cutadapt.log
X2.5t7	65788	99.5	99.5	0	0	65788	100	/home/dani/descartes_exp2/custom_dada2_preprocessing/results/01_cutadapt/run_02_optimized/trimmed_fastq/X2.5t7_R1.trimmed.fastq.gz	/home/dani/descartes_exp2/custom_dada2_preprocessing/results/01_cutadapt/run_02_optimized/trimmed_fastq/X2.5t7_R2.trimmed.fastq.gz	/home/dani/descartes_exp2/custom_dada2_preprocessing/results/01_cutadapt/run_02_optimized/sample_logs/X2.5t7.cutadapt.log
X2.5t90	31070	99.8	98.8	0	0	31070	100	/home/dani/descartes_exp2/custom_dada2_preprocessing/results/01_cutadapt/run_02_optimized/trimmed_fastq/X2.5t90_R1.trimmed.fastq.gz	/home/dani/descartes_exp2/custom_dada2_preprocessing/results/01_cutadapt/run_02_optimized/trimmed_fastq/X2.5t90_R2.trimmed.fastq.gz	/home/dani/descartes_exp2/custom_dada2_preprocessing/results/01_cutadapt/run_02_optimized/sample_logs/X2.5t90.cutadapt.log
X3	62075	100	99.5	0	0	62075	100	/home/dani/descartes_exp2/custom_dada2_preprocessing/results/01_cutadapt/run_02_optimized/trimmed_fastq/X3_R1.trimmed.fastq.gz	/home/dani/descartes_exp2/custom_dada2_preprocessing/results/01_cutadapt/run_02_optimized/trimmed_fastq/X3_R2.trimmed.fastq.gz	/home/dani/descartes_exp2/custom_dada2_preprocessing/results/01_cutadapt/run_02_optimized/sample_logs/X3.cutadapt.log
X3.1t30	69434	99.7	99.5	0	0	69434	100	/home/dani/descartes_exp2/custom_dada2_preprocessing/results/01_cutadapt/run_02_optimized/trimmed_fastq/X3.1t30_R1.trimmed.fastq.gz	/home/dani/descartes_exp2/custom_dada2_preprocessing/results/01_cutadapt/run_02_optimized/trimmed_fastq/X3.1t30_R2.trimmed.fastq.gz	/home/dani/descartes_exp2/custom_dada2_preprocessing/results/01_cutadapt/run_02_optimized/sample_logs/X3.1t30.cutadapt.log
X3.1t7	62299	99.7	97.5	0	0	62299	100	/home/dani/descartes_exp2/custom_dada2_preprocessing/results/01_cutadapt/run_02_optimized/trimmed_fastq/X3.1t7_R1.trimmed.fastq.gz	/home/dani/descartes_exp2/custom_dada2_preprocessing/results/01_cutadapt/run_02_optimized/trimmed_fastq/X3.1t7_R2.trimmed.fastq.gz	/home/dani/descartes_exp2/custom_dada2_preprocessing/results/01_cutadapt/run_02_optimized/sample_logs/X3.1t7.cutadapt.log
X3.1t90	43001	99.7	99	0	0	43001	100	/home/dani/descartes_exp2/custom_dada2_preprocessing/results/01_cutadapt/run_02_optimized/trimmed_fastq/X3.1t90_R1.trimmed.fastq.gz	/home/dani/descartes_exp2/custom_dada2_preprocessing/results/01_cutadapt/run_02_optimized/trimmed_fastq/X3.1t90_R2.trimmed.fastq.gz	/home/dani/descartes_exp2/custom_dada2_preprocessing/results/01_cutadapt/run_02_optimized/sample_logs/X3.1t90.cutadapt.log
X3.2t30	64707	99.6	99.6	0	0	64707	100	/home/dani/descartes_exp2/custom_dada2_preprocessing/results/01_cutadapt/run_02_optimized/trimmed_fastq/X3.2t30_R1.trimmed.fastq.gz	/home/dani/descartes_exp2/custom_dada2_preprocessing/results/01_cutadapt/run_02_optimized/trimmed_fastq/X3.2t30_R2.trimmed.fastq.gz	/home/dani/descartes_exp2/custom_dada2_preprocessing/results/01_cutadapt/run_02_optimized/sample_logs/X3.2t30.cutadapt.log
X3.2t7	65614	99.7	99.2	0	0	65614	100	/home/dani/descartes_exp2/custom_dada2_preprocessing/results/01_cutadapt/run_02_optimized/trimmed_fastq/X3.2t7_R1.trimmed.fastq.gz	/home/dani/descartes_exp2/custom_dada2_preprocessing/results/01_cutadapt/run_02_optimized/trimmed_fastq/X3.2t7_R2.trimmed.fastq.gz	/home/dani/descartes_exp2/custom_dada2_preprocessing/results/01_cutadapt/run_02_optimized/sample_logs/X3.2t7.cutadapt.log
X3.2t90	34388	99.7	99.4	0	0	34388	100	/home/dani/descartes_exp2/custom_dada2_preprocessing/results/01_cutadapt/run_02_optimized/trimmed_fastq/X3.2t90_R1.trimmed.fastq.gz	/home/dani/descartes_exp2/custom_dada2_preprocessing/results/01_cutadapt/run_02_optimized/trimmed_fastq/X3.2t90_R2.trimmed.fastq.gz	/home/dani/descartes_exp2/custom_dada2_preprocessing/results/01_cutadapt/run_02_optimized/sample_logs/X3.2t90.cutadapt.log
X3.3t30	77303	100	98.8	0	0	77303	100	/home/dani/descartes_exp2/custom_dada2_preprocessing/results/01_cutadapt/run_02_optimized/trimmed_fastq/X3.3t30_R1.trimmed.fastq.gz	/home/dani/descartes_exp2/custom_dada2_preprocessing/results/01_cutadapt/run_02_optimized/trimmed_fastq/X3.3t30_R2.trimmed.fastq.gz	/home/dani/descartes_exp2/custom_dada2_preprocessing/results/01_cutadapt/run_02_optimized/sample_logs/X3.3t30.cutadapt.log
X3.3t7	66010	99.8	98.8	0	0	66010	100	/home/dani/descartes_exp2/custom_dada2_preprocessing/results/01_cutadapt/run_02_optimized/trimmed_fastq/X3.3t7_R1.trimmed.fastq.gz	/home/dani/descartes_exp2/custom_dada2_preprocessing/results/01_cutadapt/run_02_optimized/trimmed_fastq/X3.3t7_R2.trimmed.fastq.gz	/home/dani/descartes_exp2/custom_dada2_preprocessing/results/01_cutadapt/run_02_optimized/sample_logs/X3.3t7.cutadapt.log
X3.3t90	84403	99.8	99.4	0	0	84403	100	/home/dani/descartes_exp2/custom_dada2_preprocessing/results/01_cutadapt/run_02_optimized/trimmed_fastq/X3.3t90_R1.trimmed.fastq.gz	/home/dani/descartes_exp2/custom_dada2_preprocessing/results/01_cutadapt/run_02_optimized/trimmed_fastq/X3.3t90_R2.trimmed.fastq.gz	/home/dani/descartes_exp2/custom_dada2_preprocessing/results/01_cutadapt/run_02_optimized/sample_logs/X3.3t90.cutadapt.log
X3.4t30	64628	99.6	99.6	0	0	64628	100	/home/dani/descartes_exp2/custom_dada2_preprocessing/results/01_cutadapt/run_02_optimized/trimmed_fastq/X3.4t30_R1.trimmed.fastq.gz	/home/dani/descartes_exp2/custom_dada2_preprocessing/results/01_cutadapt/run_02_optimized/trimmed_fastq/X3.4t30_R2.trimmed.fastq.gz	/home/dani/descartes_exp2/custom_dada2_preprocessing/results/01_cutadapt/run_02_optimized/sample_logs/X3.4t30.cutadapt.log
X3.4t7	73099	99.6	98	0	0	73099	100	/home/dani/descartes_exp2/custom_dada2_preprocessing/results/01_cutadapt/run_02_optimized/trimmed_fastq/X3.4t7_R1.trimmed.fastq.gz	/home/dani/descartes_exp2/custom_dada2_preprocessing/results/01_cutadapt/run_02_optimized/trimmed_fastq/X3.4t7_R2.trimmed.fastq.gz	/home/dani/descartes_exp2/custom_dada2_preprocessing/results/01_cutadapt/run_02_optimized/sample_logs/X3.4t7.cutadapt.log
X3.4t90	79050	99.6	99.5	0	0	79050	100	/home/dani/descartes_exp2/custom_dada2_preprocessing/results/01_cutadapt/run_02_optimized/trimmed_fastq/X3.4t90_R1.trimmed.fastq.gz	/home/dani/descartes_exp2/custom_dada2_preprocessing/results/01_cutadapt/run_02_optimized/trimmed_fastq/X3.4t90_R2.trimmed.fastq.gz	/home/dani/descartes_exp2/custom_dada2_preprocessing/results/01_cutadapt/run_02_optimized/sample_logs/X3.4t90.cutadapt.log
X3.5t30	63142	99.6	99.3	0	0	63142	100	/home/dani/descartes_exp2/custom_dada2_preprocessing/results/01_cutadapt/run_02_optimized/trimmed_fastq/X3.5t30_R1.trimmed.fastq.gz	/home/dani/descartes_exp2/custom_dada2_preprocessing/results/01_cutadapt/run_02_optimized/trimmed_fastq/X3.5t30_R2.trimmed.fastq.gz	/home/dani/descartes_exp2/custom_dada2_preprocessing/results/01_cutadapt/run_02_optimized/sample_logs/X3.5t30.cutadapt.log
X3.5t7	64719	99.6	73.2	0	0	64719	100	/home/dani/descartes_exp2/custom_dada2_preprocessing/results/01_cutadapt/run_02_optimized/trimmed_fastq/X3.5t7_R1.trimmed.fastq.gz	/home/dani/descartes_exp2/custom_dada2_preprocessing/results/01_cutadapt/run_02_optimized/trimmed_fastq/X3.5t7_R2.trimmed.fastq.gz	/home/dani/descartes_exp2/custom_dada2_preprocessing/results/01_cutadapt/run_02_optimized/sample_logs/X3.5t7.cutadapt.log
X3.5t90	65591	99.7	99	0	0	65591	100	/home/dani/descartes_exp2/custom_dada2_preprocessing/results/01_cutadapt/run_02_optimized/trimmed_fastq/X3.5t90_R1.trimmed.fastq.gz	/home/dani/descartes_exp2/custom_dada2_preprocessing/results/01_cutadapt/run_02_optimized/trimmed_fastq/X3.5t90_R2.trimmed.fastq.gz	/home/dani/descartes_exp2/custom_dada2_preprocessing/results/01_cutadapt/run_02_optimized/sample_logs/X3.5t90.cutadapt.log
Y1.1t30	63156	99.7	99.4	0	0	63156	100	/home/dani/descartes_exp2/custom_dada2_preprocessing/results/01_cutadapt/run_02_optimized/trimmed_fastq/Y1.1t30_R1.trimmed.fastq.gz	/home/dani/descartes_exp2/custom_dada2_preprocessing/results/01_cutadapt/run_02_optimized/trimmed_fastq/Y1.1t30_R2.trimmed.fastq.gz	/home/dani/descartes_exp2/custom_dada2_preprocessing/results/01_cutadapt/run_02_optimized/sample_logs/Y1.1t30.cutadapt.log
Y1.1t7	78919	99.7	97.6	0	0	78919	100	/home/dani/descartes_exp2/custom_dada2_preprocessing/results/01_cutadapt/run_02_optimized/trimmed_fastq/Y1.1t7_R1.trimmed.fastq.gz	/home/dani/descartes_exp2/custom_dada2_preprocessing/results/01_cutadapt/run_02_optimized/trimmed_fastq/Y1.1t7_R2.trimmed.fastq.gz	/home/dani/descartes_exp2/custom_dada2_preprocessing/results/01_cutadapt/run_02_optimized/sample_logs/Y1.1t7.cutadapt.log
Y1.1t90	31454	99.7	90.4	0	0	31454	100	/home/dani/descartes_exp2/custom_dada2_preprocessing/results/01_cutadapt/run_02_optimized/trimmed_fastq/Y1.1t90_R1.trimmed.fastq.gz	/home/dani/descartes_exp2/custom_dada2_preprocessing/results/01_cutadapt/run_02_optimized/trimmed_fastq/Y1.1t90_R2.trimmed.fastq.gz	/home/dani/descartes_exp2/custom_dada2_preprocessing/results/01_cutadapt/run_02_optimized/sample_logs/Y1.1t90.cutadapt.log
Y1.2t30	63660	99.7	97.4	0	0	63660	100	/home/dani/descartes_exp2/custom_dada2_preprocessing/results/01_cutadapt/run_02_optimized/trimmed_fastq/Y1.2t30_R1.trimmed.fastq.gz	/home/dani/descartes_exp2/custom_dada2_preprocessing/results/01_cutadapt/run_02_optimized/trimmed_fastq/Y1.2t30_R2.trimmed.fastq.gz	/home/dani/descartes_exp2/custom_dada2_preprocessing/results/01_cutadapt/run_02_optimized/sample_logs/Y1.2t30.cutadapt.log
Y1.2t7	66068	99.6	91.2	0	0	66068	100	/home/dani/descartes_exp2/custom_dada2_preprocessing/results/01_cutadapt/run_02_optimized/trimmed_fastq/Y1.2t7_R1.trimmed.fastq.gz	/home/dani/descartes_exp2/custom_dada2_preprocessing/results/01_cutadapt/run_02_optimized/trimmed_fastq/Y1.2t7_R2.trimmed.fastq.gz	/home/dani/descartes_exp2/custom_dada2_preprocessing/results/01_cutadapt/run_02_optimized/sample_logs/Y1.2t7.cutadapt.log
Y1.2t90	82559	99.8	98.8	0	0	82559	100	/home/dani/descartes_exp2/custom_dada2_preprocessing/results/01_cutadapt/run_02_optimized/trimmed_fastq/Y1.2t90_R1.trimmed.fastq.gz	/home/dani/descartes_exp2/custom_dada2_preprocessing/results/01_cutadapt/run_02_optimized/trimmed_fastq/Y1.2t90_R2.trimmed.fastq.gz	/home/dani/descartes_exp2/custom_dada2_preprocessing/results/01_cutadapt/run_02_optimized/sample_logs/Y1.2t90.cutadapt.log
Y1.3t30	68961	100	99.3	0	0	68961	100	/home/dani/descartes_exp2/custom_dada2_preprocessing/results/01_cutadapt/run_02_optimized/trimmed_fastq/Y1.3t30_R1.trimmed.fastq.gz	/home/dani/descartes_exp2/custom_dada2_preprocessing/results/01_cutadapt/run_02_optimized/trimmed_fastq/Y1.3t30_R2.trimmed.fastq.gz	/home/dani/descartes_exp2/custom_dada2_preprocessing/results/01_cutadapt/run_02_optimized/sample_logs/Y1.3t30.cutadapt.log
Y1.3t7	64852	99.5	87.1	0	0	64852	100	/home/dani/descartes_exp2/custom_dada2_preprocessing/results/01_cutadapt/run_02_optimized/trimmed_fastq/Y1.3t7_R1.trimmed.fastq.gz	/home/dani/descartes_exp2/custom_dada2_preprocessing/results/01_cutadapt/run_02_optimized/trimmed_fastq/Y1.3t7_R2.trimmed.fastq.gz	/home/dani/descartes_exp2/custom_dada2_preprocessing/results/01_cutadapt/run_02_optimized/sample_logs/Y1.3t7.cutadapt.log
Y1.3t90	91938	99.8	99.2	0	0	91938	100	/home/dani/descartes_exp2/custom_dada2_preprocessing/results/01_cutadapt/run_02_optimized/trimmed_fastq/Y1.3t90_R1.trimmed.fastq.gz	/home/dani/descartes_exp2/custom_dada2_preprocessing/results/01_cutadapt/run_02_optimized/trimmed_fastq/Y1.3t90_R2.trimmed.fastq.gz	/home/dani/descartes_exp2/custom_dada2_preprocessing/results/01_cutadapt/run_02_optimized/sample_logs/Y1.3t90.cutadapt.log
Y1.4t30	78161	99.7	99.2	0	0	78161	100	/home/dani/descartes_exp2/custom_dada2_preprocessing/results/01_cutadapt/run_02_optimized/trimmed_fastq/Y1.4t30_R1.trimmed.fastq.gz	/home/dani/descartes_exp2/custom_dada2_preprocessing/results/01_cutadapt/run_02_optimized/trimmed_fastq/Y1.4t30_R2.trimmed.fastq.gz	/home/dani/descartes_exp2/custom_dada2_preprocessing/results/01_cutadapt/run_02_optimized/sample_logs/Y1.4t30.cutadapt.log
Y1.4t7	79008	99.7	97.3	0	0	79008	100	/home/dani/descartes_exp2/custom_dada2_preprocessing/results/01_cutadapt/run_02_optimized/trimmed_fastq/Y1.4t7_R1.trimmed.fastq.gz	/home/dani/descartes_exp2/custom_dada2_preprocessing/results/01_cutadapt/run_02_optimized/trimmed_fastq/Y1.4t7_R2.trimmed.fastq.gz	/home/dani/descartes_exp2/custom_dada2_preprocessing/results/01_cutadapt/run_02_optimized/sample_logs/Y1.4t7.cutadapt.log
Y1.4t90	37066	99.7	96.4	0	0	37066	100	/home/dani/descartes_exp2/custom_dada2_preprocessing/results/01_cutadapt/run_02_optimized/trimmed_fastq/Y1.4t90_R1.trimmed.fastq.gz	/home/dani/descartes_exp2/custom_dada2_preprocessing/results/01_cutadapt/run_02_optimized/trimmed_fastq/Y1.4t90_R2.trimmed.fastq.gz	/home/dani/descartes_exp2/custom_dada2_preprocessing/results/01_cutadapt/run_02_optimized/sample_logs/Y1.4t90.cutadapt.log
Y1.5t30	67121	99.5	99.6	0	0	67121	100	/home/dani/descartes_exp2/custom_dada2_preprocessing/results/01_cutadapt/run_02_optimized/trimmed_fastq/Y1.5t30_R1.trimmed.fastq.gz	/home/dani/descartes_exp2/custom_dada2_preprocessing/results/01_cutadapt/run_02_optimized/trimmed_fastq/Y1.5t30_R2.trimmed.fastq.gz	/home/dani/descartes_exp2/custom_dada2_preprocessing/results/01_cutadapt/run_02_optimized/sample_logs/Y1.5t30.cutadapt.log
Y1.5t7	62899	99.7	96.7	0	0	62899	100	/home/dani/descartes_exp2/custom_dada2_preprocessing/results/01_cutadapt/run_02_optimized/trimmed_fastq/Y1.5t7_R1.trimmed.fastq.gz	/home/dani/descartes_exp2/custom_dada2_preprocessing/results/01_cutadapt/run_02_optimized/trimmed_fastq/Y1.5t7_R2.trimmed.fastq.gz	/home/dani/descartes_exp2/custom_dada2_preprocessing/results/01_cutadapt/run_02_optimized/sample_logs/Y1.5t7.cutadapt.log
Y1.5t90	65348	99.6	99.5	0	0	65348	100	/home/dani/descartes_exp2/custom_dada2_preprocessing/results/01_cutadapt/run_02_optimized/trimmed_fastq/Y1.5t90_R1.trimmed.fastq.gz	/home/dani/descartes_exp2/custom_dada2_preprocessing/results/01_cutadapt/run_02_optimized/trimmed_fastq/Y1.5t90_R2.trimmed.fastq.gz	/home/dani/descartes_exp2/custom_dada2_preprocessing/results/01_cutadapt/run_02_optimized/sample_logs/Y1.5t90.cutadapt.log
Y2.1t30	79583	99.6	99.7	0	0	79583	100	/home/dani/descartes_exp2/custom_dada2_preprocessing/results/01_cutadapt/run_02_optimized/trimmed_fastq/Y2.1t30_R1.trimmed.fastq.gz	/home/dani/descartes_exp2/custom_dada2_preprocessing/results/01_cutadapt/run_02_optimized/trimmed_fastq/Y2.1t30_R2.trimmed.fastq.gz	/home/dani/descartes_exp2/custom_dada2_preprocessing/results/01_cutadapt/run_02_optimized/sample_logs/Y2.1t30.cutadapt.log
Y2.1t7	65806	99.8	82.5	0	0	65806	100	/home/dani/descartes_exp2/custom_dada2_preprocessing/results/01_cutadapt/run_02_optimized/trimmed_fastq/Y2.1t7_R1.trimmed.fastq.gz	/home/dani/descartes_exp2/custom_dada2_preprocessing/results/01_cutadapt/run_02_optimized/trimmed_fastq/Y2.1t7_R2.trimmed.fastq.gz	/home/dani/descartes_exp2/custom_dada2_preprocessing/results/01_cutadapt/run_02_optimized/sample_logs/Y2.1t7.cutadapt.log
Y2.1t90	64702	99.6	99.2	0	0	64702	100	/home/dani/descartes_exp2/custom_dada2_preprocessing/results/01_cutadapt/run_02_optimized/trimmed_fastq/Y2.1t90_R1.trimmed.fastq.gz	/home/dani/descartes_exp2/custom_dada2_preprocessing/results/01_cutadapt/run_02_optimized/trimmed_fastq/Y2.1t90_R2.trimmed.fastq.gz	/home/dani/descartes_exp2/custom_dada2_preprocessing/results/01_cutadapt/run_02_optimized/sample_logs/Y2.1t90.cutadapt.log
Y2.2t30	65354	99.8	97.3	0	0	65354	100	/home/dani/descartes_exp2/custom_dada2_preprocessing/results/01_cutadapt/run_02_optimized/trimmed_fastq/Y2.2t30_R1.trimmed.fastq.gz	/home/dani/descartes_exp2/custom_dada2_preprocessing/results/01_cutadapt/run_02_optimized/trimmed_fastq/Y2.2t30_R2.trimmed.fastq.gz	/home/dani/descartes_exp2/custom_dada2_preprocessing/results/01_cutadapt/run_02_optimized/sample_logs/Y2.2t30.cutadapt.log
Y2.2t7	65628	99.7	97.9	0	0	65628	100	/home/dani/descartes_exp2/custom_dada2_preprocessing/results/01_cutadapt/run_02_optimized/trimmed_fastq/Y2.2t7_R1.trimmed.fastq.gz	/home/dani/descartes_exp2/custom_dada2_preprocessing/results/01_cutadapt/run_02_optimized/trimmed_fastq/Y2.2t7_R2.trimmed.fastq.gz	/home/dani/descartes_exp2/custom_dada2_preprocessing/results/01_cutadapt/run_02_optimized/sample_logs/Y2.2t7.cutadapt.log
Y2.2t90	68529	99.7	99.7	0	0	68529	100	/home/dani/descartes_exp2/custom_dada2_preprocessing/results/01_cutadapt/run_02_optimized/trimmed_fastq/Y2.2t90_R1.trimmed.fastq.gz	/home/dani/descartes_exp2/custom_dada2_preprocessing/results/01_cutadapt/run_02_optimized/trimmed_fastq/Y2.2t90_R2.trimmed.fastq.gz	/home/dani/descartes_exp2/custom_dada2_preprocessing/results/01_cutadapt/run_02_optimized/sample_logs/Y2.2t90.cutadapt.log
Y2.3t30	65453	100	99.5	0	0	65453	100	/home/dani/descartes_exp2/custom_dada2_preprocessing/results/01_cutadapt/run_02_optimized/trimmed_fastq/Y2.3t30_R1.trimmed.fastq.gz	/home/dani/descartes_exp2/custom_dada2_preprocessing/results/01_cutadapt/run_02_optimized/trimmed_fastq/Y2.3t30_R2.trimmed.fastq.gz	/home/dani/descartes_exp2/custom_dada2_preprocessing/results/01_cutadapt/run_02_optimized/sample_logs/Y2.3t30.cutadapt.log
Y2.3t7	63835	99.6	92.6	0	0	63835	100	/home/dani/descartes_exp2/custom_dada2_preprocessing/results/01_cutadapt/run_02_optimized/trimmed_fastq/Y2.3t7_R1.trimmed.fastq.gz	/home/dani/descartes_exp2/custom_dada2_preprocessing/results/01_cutadapt/run_02_optimized/trimmed_fastq/Y2.3t7_R2.trimmed.fastq.gz	/home/dani/descartes_exp2/custom_dada2_preprocessing/results/01_cutadapt/run_02_optimized/sample_logs/Y2.3t7.cutadapt.log
Y2.3t90	63367	99.7	99.5	0	0	63367	100	/home/dani/descartes_exp2/custom_dada2_preprocessing/results/01_cutadapt/run_02_optimized/trimmed_fastq/Y2.3t90_R1.trimmed.fastq.gz	/home/dani/descartes_exp2/custom_dada2_preprocessing/results/01_cutadapt/run_02_optimized/trimmed_fastq/Y2.3t90_R2.trimmed.fastq.gz	/home/dani/descartes_exp2/custom_dada2_preprocessing/results/01_cutadapt/run_02_optimized/sample_logs/Y2.3t90.cutadapt.log
Y2.4t30	77397	99.7	99.5	0	0	77397	100	/home/dani/descartes_exp2/custom_dada2_preprocessing/results/01_cutadapt/run_02_optimized/trimmed_fastq/Y2.4t30_R1.trimmed.fastq.gz	/home/dani/descartes_exp2/custom_dada2_preprocessing/results/01_cutadapt/run_02_optimized/trimmed_fastq/Y2.4t30_R2.trimmed.fastq.gz	/home/dani/descartes_exp2/custom_dada2_preprocessing/results/01_cutadapt/run_02_optimized/sample_logs/Y2.4t30.cutadapt.log
Y2.4t7	65042	99.5	87	0	0	65042	100	/home/dani/descartes_exp2/custom_dada2_preprocessing/results/01_cutadapt/run_02_optimized/trimmed_fastq/Y2.4t7_R1.trimmed.fastq.gz	/home/dani/descartes_exp2/custom_dada2_preprocessing/results/01_cutadapt/run_02_optimized/trimmed_fastq/Y2.4t7_R2.trimmed.fastq.gz	/home/dani/descartes_exp2/custom_dada2_preprocessing/results/01_cutadapt/run_02_optimized/sample_logs/Y2.4t7.cutadapt.log
Y2.4t90	69179	99.7	99.6	0	0	69179	100	/home/dani/descartes_exp2/custom_dada2_preprocessing/results/01_cutadapt/run_02_optimized/trimmed_fastq/Y2.4t90_R1.trimmed.fastq.gz	/home/dani/descartes_exp2/custom_dada2_preprocessing/results/01_cutadapt/run_02_optimized/trimmed_fastq/Y2.4t90_R2.trimmed.fastq.gz	/home/dani/descartes_exp2/custom_dada2_preprocessing/results/01_cutadapt/run_02_optimized/sample_logs/Y2.4t90.cutadapt.log
Y2.5t30	71995	98.9	99.6	0	0	71995	100	/home/dani/descartes_exp2/custom_dada2_preprocessing/results/01_cutadapt/run_02_optimized/trimmed_fastq/Y2.5t30_R1.trimmed.fastq.gz	/home/dani/descartes_exp2/custom_dada2_preprocessing/results/01_cutadapt/run_02_optimized/trimmed_fastq/Y2.5t30_R2.trimmed.fastq.gz	/home/dani/descartes_exp2/custom_dada2_preprocessing/results/01_cutadapt/run_02_optimized/sample_logs/Y2.5t30.cutadapt.log
Y2.5t7	62618	99.6	99.8	0	0	62618	100	/home/dani/descartes_exp2/custom_dada2_preprocessing/results/01_cutadapt/run_02_optimized/trimmed_fastq/Y2.5t7_R1.trimmed.fastq.gz	/home/dani/descartes_exp2/custom_dada2_preprocessing/results/01_cutadapt/run_02_optimized/trimmed_fastq/Y2.5t7_R2.trimmed.fastq.gz	/home/dani/descartes_exp2/custom_dada2_preprocessing/results/01_cutadapt/run_02_optimized/sample_logs/Y2.5t7.cutadapt.log
Y2.5t90	62601	99.6	99.8	0	0	62601	100	/home/dani/descartes_exp2/custom_dada2_preprocessing/results/01_cutadapt/run_02_optimized/trimmed_fastq/Y2.5t90_R1.trimmed.fastq.gz	/home/dani/descartes_exp2/custom_dada2_preprocessing/results/01_cutadapt/run_02_optimized/trimmed_fastq/Y2.5t90_R2.trimmed.fastq.gz	/home/dani/descartes_exp2/custom_dada2_preprocessing/results/01_cutadapt/run_02_optimized/sample_logs/Y2.5t90.cutadapt.log
Y3	65513	99.6	99.8	0	0	65513	100	/home/dani/descartes_exp2/custom_dada2_preprocessing/results/01_cutadapt/run_02_optimized/trimmed_fastq/Y3_R1.trimmed.fastq.gz	/home/dani/descartes_exp2/custom_dada2_preprocessing/results/01_cutadapt/run_02_optimized/trimmed_fastq/Y3_R2.trimmed.fastq.gz	/home/dani/descartes_exp2/custom_dada2_preprocessing/results/01_cutadapt/run_02_optimized/sample_logs/Y3.cutadapt.log
Y3.1t30	73076	99.6	99.7	0	0	73076	100	/home/dani/descartes_exp2/custom_dada2_preprocessing/results/01_cutadapt/run_02_optimized/trimmed_fastq/Y3.1t30_R1.trimmed.fastq.gz	/home/dani/descartes_exp2/custom_dada2_preprocessing/results/01_cutadapt/run_02_optimized/trimmed_fastq/Y3.1t30_R2.trimmed.fastq.gz	/home/dani/descartes_exp2/custom_dada2_preprocessing/results/01_cutadapt/run_02_optimized/sample_logs/Y3.1t30.cutadapt.log
Y3.1t7	64861	99.6	95	0	0	64861	100	/home/dani/descartes_exp2/custom_dada2_preprocessing/results/01_cutadapt/run_02_optimized/trimmed_fastq/Y3.1t7_R1.trimmed.fastq.gz	/home/dani/descartes_exp2/custom_dada2_preprocessing/results/01_cutadapt/run_02_optimized/trimmed_fastq/Y3.1t7_R2.trimmed.fastq.gz	/home/dani/descartes_exp2/custom_dada2_preprocessing/results/01_cutadapt/run_02_optimized/sample_logs/Y3.1t7.cutadapt.log
Y3.1t90	66711	99.6	99.8	0	0	66711	100	/home/dani/descartes_exp2/custom_dada2_preprocessing/results/01_cutadapt/run_02_optimized/trimmed_fastq/Y3.1t90_R1.trimmed.fastq.gz	/home/dani/descartes_exp2/custom_dada2_preprocessing/results/01_cutadapt/run_02_optimized/trimmed_fastq/Y3.1t90_R2.trimmed.fastq.gz	/home/dani/descartes_exp2/custom_dada2_preprocessing/results/01_cutadapt/run_02_optimized/sample_logs/Y3.1t90.cutadapt.log
Y3.2t30	62486	99.8	98.7	0	0	62486	100	/home/dani/descartes_exp2/custom_dada2_preprocessing/results/01_cutadapt/run_02_optimized/trimmed_fastq/Y3.2t30_R1.trimmed.fastq.gz	/home/dani/descartes_exp2/custom_dada2_preprocessing/results/01_cutadapt/run_02_optimized/trimmed_fastq/Y3.2t30_R2.trimmed.fastq.gz	/home/dani/descartes_exp2/custom_dada2_preprocessing/results/01_cutadapt/run_02_optimized/sample_logs/Y3.2t30.cutadapt.log
Y3.2t7	78800	99.7	92.1	0	0	78800	100	/home/dani/descartes_exp2/custom_dada2_preprocessing/results/01_cutadapt/run_02_optimized/trimmed_fastq/Y3.2t7_R1.trimmed.fastq.gz	/home/dani/descartes_exp2/custom_dada2_preprocessing/results/01_cutadapt/run_02_optimized/trimmed_fastq/Y3.2t7_R2.trimmed.fastq.gz	/home/dani/descartes_exp2/custom_dada2_preprocessing/results/01_cutadapt/run_02_optimized/sample_logs/Y3.2t7.cutadapt.log
Y3.2t90	66727	99.6	99.5	0	0	66727	100	/home/dani/descartes_exp2/custom_dada2_preprocessing/results/01_cutadapt/run_02_optimized/trimmed_fastq/Y3.2t90_R1.trimmed.fastq.gz	/home/dani/descartes_exp2/custom_dada2_preprocessing/results/01_cutadapt/run_02_optimized/trimmed_fastq/Y3.2t90_R2.trimmed.fastq.gz	/home/dani/descartes_exp2/custom_dada2_preprocessing/results/01_cutadapt/run_02_optimized/sample_logs/Y3.2t90.cutadapt.log
Y3.3t30	66736	99	81.5	0	0	66736	100	/home/dani/descartes_exp2/custom_dada2_preprocessing/results/01_cutadapt/run_02_optimized/trimmed_fastq/Y3.3t30_R1.trimmed.fastq.gz	/home/dani/descartes_exp2/custom_dada2_preprocessing/results/01_cutadapt/run_02_optimized/trimmed_fastq/Y3.3t30_R2.trimmed.fastq.gz	/home/dani/descartes_exp2/custom_dada2_preprocessing/results/01_cutadapt/run_02_optimized/sample_logs/Y3.3t30.cutadapt.log
Y3.3t7	64727	99.6	99.5	0	0	64727	100	/home/dani/descartes_exp2/custom_dada2_preprocessing/results/01_cutadapt/run_02_optimized/trimmed_fastq/Y3.3t7_R1.trimmed.fastq.gz	/home/dani/descartes_exp2/custom_dada2_preprocessing/results/01_cutadapt/run_02_optimized/trimmed_fastq/Y3.3t7_R2.trimmed.fastq.gz	/home/dani/descartes_exp2/custom_dada2_preprocessing/results/01_cutadapt/run_02_optimized/sample_logs/Y3.3t7.cutadapt.log
Y3.3t90	64145	99.6	99.6	0	0	64145	100	/home/dani/descartes_exp2/custom_dada2_preprocessing/results/01_cutadapt/run_02_optimized/trimmed_fastq/Y3.3t90_R1.trimmed.fastq.gz	/home/dani/descartes_exp2/custom_dada2_preprocessing/results/01_cutadapt/run_02_optimized/trimmed_fastq/Y3.3t90_R2.trimmed.fastq.gz	/home/dani/descartes_exp2/custom_dada2_preprocessing/results/01_cutadapt/run_02_optimized/sample_logs/Y3.3t90.cutadapt.log
Y3.4t30	63363	99.5	98.5	0	0	63363	100	/home/dani/descartes_exp2/custom_dada2_preprocessing/results/01_cutadapt/run_02_optimized/trimmed_fastq/Y3.4t30_R1.trimmed.fastq.gz	/home/dani/descartes_exp2/custom_dada2_preprocessing/results/01_cutadapt/run_02_optimized/trimmed_fastq/Y3.4t30_R2.trimmed.fastq.gz	/home/dani/descartes_exp2/custom_dada2_preprocessing/results/01_cutadapt/run_02_optimized/sample_logs/Y3.4t30.cutadapt.log
Y3.4t7	64954	99.7	98.5	0	0	64954	100	/home/dani/descartes_exp2/custom_dada2_preprocessing/results/01_cutadapt/run_02_optimized/trimmed_fastq/Y3.4t7_R1.trimmed.fastq.gz	/home/dani/descartes_exp2/custom_dada2_preprocessing/results/01_cutadapt/run_02_optimized/trimmed_fastq/Y3.4t7_R2.trimmed.fastq.gz	/home/dani/descartes_exp2/custom_dada2_preprocessing/results/01_cutadapt/run_02_optimized/sample_logs/Y3.4t7.cutadapt.log
Y3.4t90	65469	99.7	99.6	0	0	65469	100	/home/dani/descartes_exp2/custom_dada2_preprocessing/results/01_cutadapt/run_02_optimized/trimmed_fastq/Y3.4t90_R1.trimmed.fastq.gz	/home/dani/descartes_exp2/custom_dada2_preprocessing/results/01_cutadapt/run_02_optimized/trimmed_fastq/Y3.4t90_R2.trimmed.fastq.gz	/home/dani/descartes_exp2/custom_dada2_preprocessing/results/01_cutadapt/run_02_optimized/sample_logs/Y3.4t90.cutadapt.log
Y3.5t30	65217	99.6	99.6	0	0	65217	100	/home/dani/descartes_exp2/custom_dada2_preprocessing/results/01_cutadapt/run_02_optimized/trimmed_fastq/Y3.5t30_R1.trimmed.fastq.gz	/home/dani/descartes_exp2/custom_dada2_preprocessing/results/01_cutadapt/run_02_optimized/trimmed_fastq/Y3.5t30_R2.trimmed.fastq.gz	/home/dani/descartes_exp2/custom_dada2_preprocessing/results/01_cutadapt/run_02_optimized/sample_logs/Y3.5t30.cutadapt.log
Y3.5t7	79328	99.6	90	0	0	79328	100	/home/dani/descartes_exp2/custom_dada2_preprocessing/results/01_cutadapt/run_02_optimized/trimmed_fastq/Y3.5t7_R1.trimmed.fastq.gz	/home/dani/descartes_exp2/custom_dada2_preprocessing/results/01_cutadapt/run_02_optimized/trimmed_fastq/Y3.5t7_R2.trimmed.fastq.gz	/home/dani/descartes_exp2/custom_dada2_preprocessing/results/01_cutadapt/run_02_optimized/sample_logs/Y3.5t7.cutadapt.log
Y3.5t90	66095	99.7	99.6	0	0	66095	100	/home/dani/descartes_exp2/custom_dada2_preprocessing/results/01_cutadapt/run_02_optimized/trimmed_fastq/Y3.5t90_R1.trimmed.fastq.gz	/home/dani/descartes_exp2/custom_dada2_preprocessing/results/01_cutadapt/run_02_optimized/trimmed_fastq/Y3.5t90_R2.trimmed.fastq.gz	/home/dani/descartes_exp2/custom_dada2_preprocessing/results/01_cutadapt/run_02_optimized/sample_logs/Y3.5t90.cutadapt.log
Z1.1t30	72440	99.6	99.7	0	0	72440	100	/home/dani/descartes_exp2/custom_dada2_preprocessing/results/01_cutadapt/run_02_optimized/trimmed_fastq/Z1.1t30_R1.trimmed.fastq.gz	/home/dani/descartes_exp2/custom_dada2_preprocessing/results/01_cutadapt/run_02_optimized/trimmed_fastq/Z1.1t30_R2.trimmed.fastq.gz	/home/dani/descartes_exp2/custom_dada2_preprocessing/results/01_cutadapt/run_02_optimized/sample_logs/Z1.1t30.cutadapt.log
Z1.1t7	64747	99.8	98.2	0	0	64747	100	/home/dani/descartes_exp2/custom_dada2_preprocessing/results/01_cutadapt/run_02_optimized/trimmed_fastq/Z1.1t7_R1.trimmed.fastq.gz	/home/dani/descartes_exp2/custom_dada2_preprocessing/results/01_cutadapt/run_02_optimized/trimmed_fastq/Z1.1t7_R2.trimmed.fastq.gz	/home/dani/descartes_exp2/custom_dada2_preprocessing/results/01_cutadapt/run_02_optimized/sample_logs/Z1.1t7.cutadapt.log
Z1.1t90	64893	99.7	99.8	0	0	64893	100	/home/dani/descartes_exp2/custom_dada2_preprocessing/results/01_cutadapt/run_02_optimized/trimmed_fastq/Z1.1t90_R1.trimmed.fastq.gz	/home/dani/descartes_exp2/custom_dada2_preprocessing/results/01_cutadapt/run_02_optimized/trimmed_fastq/Z1.1t90_R2.trimmed.fastq.gz	/home/dani/descartes_exp2/custom_dada2_preprocessing/results/01_cutadapt/run_02_optimized/sample_logs/Z1.1t90.cutadapt.log
Z1.2t30	79921	99.6	99.6	0	0	79921	100	/home/dani/descartes_exp2/custom_dada2_preprocessing/results/01_cutadapt/run_02_optimized/trimmed_fastq/Z1.2t30_R1.trimmed.fastq.gz	/home/dani/descartes_exp2/custom_dada2_preprocessing/results/01_cutadapt/run_02_optimized/trimmed_fastq/Z1.2t30_R2.trimmed.fastq.gz	/home/dani/descartes_exp2/custom_dada2_preprocessing/results/01_cutadapt/run_02_optimized/sample_logs/Z1.2t30.cutadapt.log
Z1.2t7	64607	99.5	72.2	0	0	64607	100	/home/dani/descartes_exp2/custom_dada2_preprocessing/results/01_cutadapt/run_02_optimized/trimmed_fastq/Z1.2t7_R1.trimmed.fastq.gz	/home/dani/descartes_exp2/custom_dada2_preprocessing/results/01_cutadapt/run_02_optimized/trimmed_fastq/Z1.2t7_R2.trimmed.fastq.gz	/home/dani/descartes_exp2/custom_dada2_preprocessing/results/01_cutadapt/run_02_optimized/sample_logs/Z1.2t7.cutadapt.log
Z1.2t90	64338	99.6	99.6	0	0	64338	100	/home/dani/descartes_exp2/custom_dada2_preprocessing/results/01_cutadapt/run_02_optimized/trimmed_fastq/Z1.2t90_R1.trimmed.fastq.gz	/home/dani/descartes_exp2/custom_dada2_preprocessing/results/01_cutadapt/run_02_optimized/trimmed_fastq/Z1.2t90_R2.trimmed.fastq.gz	/home/dani/descartes_exp2/custom_dada2_preprocessing/results/01_cutadapt/run_02_optimized/sample_logs/Z1.2t90.cutadapt.log
Z1.3t30	62088	99.5	99.4	0	0	62088	100	/home/dani/descartes_exp2/custom_dada2_preprocessing/results/01_cutadapt/run_02_optimized/trimmed_fastq/Z1.3t30_R1.trimmed.fastq.gz	/home/dani/descartes_exp2/custom_dada2_preprocessing/results/01_cutadapt/run_02_optimized/trimmed_fastq/Z1.3t30_R2.trimmed.fastq.gz	/home/dani/descartes_exp2/custom_dada2_preprocessing/results/01_cutadapt/run_02_optimized/sample_logs/Z1.3t30.cutadapt.log
Z1.3t7	68442	99.6	99.5	0	0	68442	100	/home/dani/descartes_exp2/custom_dada2_preprocessing/results/01_cutadapt/run_02_optimized/trimmed_fastq/Z1.3t7_R1.trimmed.fastq.gz	/home/dani/descartes_exp2/custom_dada2_preprocessing/results/01_cutadapt/run_02_optimized/trimmed_fastq/Z1.3t7_R2.trimmed.fastq.gz	/home/dani/descartes_exp2/custom_dada2_preprocessing/results/01_cutadapt/run_02_optimized/sample_logs/Z1.3t7.cutadapt.log
Z1.3t90	63616	99.7	99.4	0	0	63616	100	/home/dani/descartes_exp2/custom_dada2_preprocessing/results/01_cutadapt/run_02_optimized/trimmed_fastq/Z1.3t90_R1.trimmed.fastq.gz	/home/dani/descartes_exp2/custom_dada2_preprocessing/results/01_cutadapt/run_02_optimized/trimmed_fastq/Z1.3t90_R2.trimmed.fastq.gz	/home/dani/descartes_exp2/custom_dada2_preprocessing/results/01_cutadapt/run_02_optimized/sample_logs/Z1.3t90.cutadapt.log
Z1.4t30	64809	99.6	99.8	0	0	64809	100	/home/dani/descartes_exp2/custom_dada2_preprocessing/results/01_cutadapt/run_02_optimized/trimmed_fastq/Z1.4t30_R1.trimmed.fastq.gz	/home/dani/descartes_exp2/custom_dada2_preprocessing/results/01_cutadapt/run_02_optimized/trimmed_fastq/Z1.4t30_R2.trimmed.fastq.gz	/home/dani/descartes_exp2/custom_dada2_preprocessing/results/01_cutadapt/run_02_optimized/sample_logs/Z1.4t30.cutadapt.log
Z1.4t7	65483	99.9	99.1	0	0	65483	100	/home/dani/descartes_exp2/custom_dada2_preprocessing/results/01_cutadapt/run_02_optimized/trimmed_fastq/Z1.4t7_R1.trimmed.fastq.gz	/home/dani/descartes_exp2/custom_dada2_preprocessing/results/01_cutadapt/run_02_optimized/trimmed_fastq/Z1.4t7_R2.trimmed.fastq.gz	/home/dani/descartes_exp2/custom_dada2_preprocessing/results/01_cutadapt/run_02_optimized/sample_logs/Z1.4t7.cutadapt.log
Z1.4t90	65836	99.7	99.3	0	0	65836	100	/home/dani/descartes_exp2/custom_dada2_preprocessing/results/01_cutadapt/run_02_optimized/trimmed_fastq/Z1.4t90_R1.trimmed.fastq.gz	/home/dani/descartes_exp2/custom_dada2_preprocessing/results/01_cutadapt/run_02_optimized/trimmed_fastq/Z1.4t90_R2.trimmed.fastq.gz	/home/dani/descartes_exp2/custom_dada2_preprocessing/results/01_cutadapt/run_02_optimized/sample_logs/Z1.4t90.cutadapt.log
Z1.5t30	79288	99.4	99.6	0	0	79288	100	/home/dani/descartes_exp2/custom_dada2_preprocessing/results/01_cutadapt/run_02_optimized/trimmed_fastq/Z1.5t30_R1.trimmed.fastq.gz	/home/dani/descartes_exp2/custom_dada2_preprocessing/results/01_cutadapt/run_02_optimized/trimmed_fastq/Z1.5t30_R2.trimmed.fastq.gz	/home/dani/descartes_exp2/custom_dada2_preprocessing/results/01_cutadapt/run_02_optimized/sample_logs/Z1.5t30.cutadapt.log
Z1.5t7	62610	99.7	99.5	0	0	62610	100	/home/dani/descartes_exp2/custom_dada2_preprocessing/results/01_cutadapt/run_02_optimized/trimmed_fastq/Z1.5t7_R1.trimmed.fastq.gz	/home/dani/descartes_exp2/custom_dada2_preprocessing/results/01_cutadapt/run_02_optimized/trimmed_fastq/Z1.5t7_R2.trimmed.fastq.gz	/home/dani/descartes_exp2/custom_dada2_preprocessing/results/01_cutadapt/run_02_optimized/sample_logs/Z1.5t7.cutadapt.log
Z2.1t7	70959	99.7	99.4	0	0	70959	100	/home/dani/descartes_exp2/custom_dada2_preprocessing/results/01_cutadapt/run_02_optimized/trimmed_fastq/Z2.1t7_R1.trimmed.fastq.gz	/home/dani/descartes_exp2/custom_dada2_preprocessing/results/01_cutadapt/run_02_optimized/trimmed_fastq/Z2.1t7_R2.trimmed.fastq.gz	/home/dani/descartes_exp2/custom_dada2_preprocessing/results/01_cutadapt/run_02_optimized/sample_logs/Z2.1t7.cutadapt.log
Z2.1t90	66389	99.9	99.5	0	0	66389	100	/home/dani/descartes_exp2/custom_dada2_preprocessing/results/01_cutadapt/run_02_optimized/trimmed_fastq/Z2.1t90_R1.trimmed.fastq.gz	/home/dani/descartes_exp2/custom_dada2_preprocessing/results/01_cutadapt/run_02_optimized/trimmed_fastq/Z2.1t90_R2.trimmed.fastq.gz	/home/dani/descartes_exp2/custom_dada2_preprocessing/results/01_cutadapt/run_02_optimized/sample_logs/Z2.1t90.cutadapt.log
Z2.2t30	66371	98	92.1	0	0	66371	100	/home/dani/descartes_exp2/custom_dada2_preprocessing/results/01_cutadapt/run_02_optimized/trimmed_fastq/Z2.2t30_R1.trimmed.fastq.gz	/home/dani/descartes_exp2/custom_dada2_preprocessing/results/01_cutadapt/run_02_optimized/trimmed_fastq/Z2.2t30_R2.trimmed.fastq.gz	/home/dani/descartes_exp2/custom_dada2_preprocessing/results/01_cutadapt/run_02_optimized/sample_logs/Z2.2t30.cutadapt.log
Z2.2t7	66454	99	40.3	0	0	66454	100	/home/dani/descartes_exp2/custom_dada2_preprocessing/results/01_cutadapt/run_02_optimized/trimmed_fastq/Z2.2t7_R1.trimmed.fastq.gz	/home/dani/descartes_exp2/custom_dada2_preprocessing/results/01_cutadapt/run_02_optimized/trimmed_fastq/Z2.2t7_R2.trimmed.fastq.gz	/home/dani/descartes_exp2/custom_dada2_preprocessing/results/01_cutadapt/run_02_optimized/sample_logs/Z2.2t7.cutadapt.log
Z2.2t90	71347	99.6	99.7	0	0	71347	100	/home/dani/descartes_exp2/custom_dada2_preprocessing/results/01_cutadapt/run_02_optimized/trimmed_fastq/Z2.2t90_R1.trimmed.fastq.gz	/home/dani/descartes_exp2/custom_dada2_preprocessing/results/01_cutadapt/run_02_optimized/trimmed_fastq/Z2.2t90_R2.trimmed.fastq.gz	/home/dani/descartes_exp2/custom_dada2_preprocessing/results/01_cutadapt/run_02_optimized/sample_logs/Z2.2t90.cutadapt.log
Z2.3t30	64454	99.9	99.6	0	0	64454	100	/home/dani/descartes_exp2/custom_dada2_preprocessing/results/01_cutadapt/run_02_optimized/trimmed_fastq/Z2.3t30_R1.trimmed.fastq.gz	/home/dani/descartes_exp2/custom_dada2_preprocessing/results/01_cutadapt/run_02_optimized/trimmed_fastq/Z2.3t30_R2.trimmed.fastq.gz	/home/dani/descartes_exp2/custom_dada2_preprocessing/results/01_cutadapt/run_02_optimized/sample_logs/Z2.3t30.cutadapt.log
Z2.3t7	63308	99.7	97.9	0	0	63308	100	/home/dani/descartes_exp2/custom_dada2_preprocessing/results/01_cutadapt/run_02_optimized/trimmed_fastq/Z2.3t7_R1.trimmed.fastq.gz	/home/dani/descartes_exp2/custom_dada2_preprocessing/results/01_cutadapt/run_02_optimized/trimmed_fastq/Z2.3t7_R2.trimmed.fastq.gz	/home/dani/descartes_exp2/custom_dada2_preprocessing/results/01_cutadapt/run_02_optimized/sample_logs/Z2.3t7.cutadapt.log
Z2.3t90	62755	99.5	99.7	0	0	62755	100	/home/dani/descartes_exp2/custom_dada2_preprocessing/results/01_cutadapt/run_02_optimized/trimmed_fastq/Z2.3t90_R1.trimmed.fastq.gz	/home/dani/descartes_exp2/custom_dada2_preprocessing/results/01_cutadapt/run_02_optimized/trimmed_fastq/Z2.3t90_R2.trimmed.fastq.gz	/home/dani/descartes_exp2/custom_dada2_preprocessing/results/01_cutadapt/run_02_optimized/sample_logs/Z2.3t90.cutadapt.log
Z2.4t30	66441	99.6	98.7	0	0	66441	100	/home/dani/descartes_exp2/custom_dada2_preprocessing/results/01_cutadapt/run_02_optimized/trimmed_fastq/Z2.4t30_R1.trimmed.fastq.gz	/home/dani/descartes_exp2/custom_dada2_preprocessing/results/01_cutadapt/run_02_optimized/trimmed_fastq/Z2.4t30_R2.trimmed.fastq.gz	/home/dani/descartes_exp2/custom_dada2_preprocessing/results/01_cutadapt/run_02_optimized/sample_logs/Z2.4t30.cutadapt.log
Z2.4t7	63178	99.8	99.6	0	0	63178	100	/home/dani/descartes_exp2/custom_dada2_preprocessing/results/01_cutadapt/run_02_optimized/trimmed_fastq/Z2.4t7_R1.trimmed.fastq.gz	/home/dani/descartes_exp2/custom_dada2_preprocessing/results/01_cutadapt/run_02_optimized/trimmed_fastq/Z2.4t7_R2.trimmed.fastq.gz	/home/dani/descartes_exp2/custom_dada2_preprocessing/results/01_cutadapt/run_02_optimized/sample_logs/Z2.4t7.cutadapt.log
Z2.4t90	63774	99.7	99.4	0	0	63774	100	/home/dani/descartes_exp2/custom_dada2_preprocessing/results/01_cutadapt/run_02_optimized/trimmed_fastq/Z2.4t90_R1.trimmed.fastq.gz	/home/dani/descartes_exp2/custom_dada2_preprocessing/results/01_cutadapt/run_02_optimized/trimmed_fastq/Z2.4t90_R2.trimmed.fastq.gz	/home/dani/descartes_exp2/custom_dada2_preprocessing/results/01_cutadapt/run_02_optimized/sample_logs/Z2.4t90.cutadapt.log
Z2.5t30	62269	99.5	99.7	0	0	62269	100	/home/dani/descartes_exp2/custom_dada2_preprocessing/results/01_cutadapt/run_02_optimized/trimmed_fastq/Z2.5t30_R1.trimmed.fastq.gz	/home/dani/descartes_exp2/custom_dada2_preprocessing/results/01_cutadapt/run_02_optimized/trimmed_fastq/Z2.5t30_R2.trimmed.fastq.gz	/home/dani/descartes_exp2/custom_dada2_preprocessing/results/01_cutadapt/run_02_optimized/sample_logs/Z2.5t30.cutadapt.log
Z2.5t7	62910	99.7	98.5	0	0	62910	100	/home/dani/descartes_exp2/custom_dada2_preprocessing/results/01_cutadapt/run_02_optimized/trimmed_fastq/Z2.5t7_R1.trimmed.fastq.gz	/home/dani/descartes_exp2/custom_dada2_preprocessing/results/01_cutadapt/run_02_optimized/trimmed_fastq/Z2.5t7_R2.trimmed.fastq.gz	/home/dani/descartes_exp2/custom_dada2_preprocessing/results/01_cutadapt/run_02_optimized/sample_logs/Z2.5t7.cutadapt.log
Z2.5t90	77731	99.7	99.3	0	0	77731	100	/home/dani/descartes_exp2/custom_dada2_preprocessing/results/01_cutadapt/run_02_optimized/trimmed_fastq/Z2.5t90_R1.trimmed.fastq.gz	/home/dani/descartes_exp2/custom_dada2_preprocessing/results/01_cutadapt/run_02_optimized/trimmed_fastq/Z2.5t90_R2.trimmed.fastq.gz	/home/dani/descartes_exp2/custom_dada2_preprocessing/results/01_cutadapt/run_02_optimized/sample_logs/Z2.5t90.cutadapt.log
Z3	76678	99.6	99.8	0	0	76678	100	/home/dani/descartes_exp2/custom_dada2_preprocessing/results/01_cutadapt/run_02_optimized/trimmed_fastq/Z3_R1.trimmed.fastq.gz	/home/dani/descartes_exp2/custom_dada2_preprocessing/results/01_cutadapt/run_02_optimized/trimmed_fastq/Z3_R2.trimmed.fastq.gz	/home/dani/descartes_exp2/custom_dada2_preprocessing/results/01_cutadapt/run_02_optimized/sample_logs/Z3.cutadapt.log
Z3.1t30	73011	99.7	97.1	0	0	73011	100	/home/dani/descartes_exp2/custom_dada2_preprocessing/results/01_cutadapt/run_02_optimized/trimmed_fastq/Z3.1t30_R1.trimmed.fastq.gz	/home/dani/descartes_exp2/custom_dada2_preprocessing/results/01_cutadapt/run_02_optimized/trimmed_fastq/Z3.1t30_R2.trimmed.fastq.gz	/home/dani/descartes_exp2/custom_dada2_preprocessing/results/01_cutadapt/run_02_optimized/sample_logs/Z3.1t30.cutadapt.log
Z3.1t7	71460	99.7	99.1	0	0	71460	100	/home/dani/descartes_exp2/custom_dada2_preprocessing/results/01_cutadapt/run_02_optimized/trimmed_fastq/Z3.1t7_R1.trimmed.fastq.gz	/home/dani/descartes_exp2/custom_dada2_preprocessing/results/01_cutadapt/run_02_optimized/trimmed_fastq/Z3.1t7_R2.trimmed.fastq.gz	/home/dani/descartes_exp2/custom_dada2_preprocessing/results/01_cutadapt/run_02_optimized/sample_logs/Z3.1t7.cutadapt.log
Z3.1t90	72859	99.8	99.4	0	0	72859	100	/home/dani/descartes_exp2/custom_dada2_preprocessing/results/01_cutadapt/run_02_optimized/trimmed_fastq/Z3.1t90_R1.trimmed.fastq.gz	/home/dani/descartes_exp2/custom_dada2_preprocessing/results/01_cutadapt/run_02_optimized/trimmed_fastq/Z3.1t90_R2.trimmed.fastq.gz	/home/dani/descartes_exp2/custom_dada2_preprocessing/results/01_cutadapt/run_02_optimized/sample_logs/Z3.1t90.cutadapt.log
Z3.2t30	65062	99.6	99.5	0	0	65062	100	/home/dani/descartes_exp2/custom_dada2_preprocessing/results/01_cutadapt/run_02_optimized/trimmed_fastq/Z3.2t30_R1.trimmed.fastq.gz	/home/dani/descartes_exp2/custom_dada2_preprocessing/results/01_cutadapt/run_02_optimized/trimmed_fastq/Z3.2t30_R2.trimmed.fastq.gz	/home/dani/descartes_exp2/custom_dada2_preprocessing/results/01_cutadapt/run_02_optimized/sample_logs/Z3.2t30.cutadapt.log
Z3.2t7	64233	99.6	99.5	0	0	64233	100	/home/dani/descartes_exp2/custom_dada2_preprocessing/results/01_cutadapt/run_02_optimized/trimmed_fastq/Z3.2t7_R1.trimmed.fastq.gz	/home/dani/descartes_exp2/custom_dada2_preprocessing/results/01_cutadapt/run_02_optimized/trimmed_fastq/Z3.2t7_R2.trimmed.fastq.gz	/home/dani/descartes_exp2/custom_dada2_preprocessing/results/01_cutadapt/run_02_optimized/sample_logs/Z3.2t7.cutadapt.log
Z3.2t90	62131	99.6	99.2	0	0	62131	100	/home/dani/descartes_exp2/custom_dada2_preprocessing/results/01_cutadapt/run_02_optimized/trimmed_fastq/Z3.2t90_R1.trimmed.fastq.gz	/home/dani/descartes_exp2/custom_dada2_preprocessing/results/01_cutadapt/run_02_optimized/trimmed_fastq/Z3.2t90_R2.trimmed.fastq.gz	/home/dani/descartes_exp2/custom_dada2_preprocessing/results/01_cutadapt/run_02_optimized/sample_logs/Z3.2t90.cutadapt.log
Z3.3t30	64072	99.7	97.4	0	0	64072	100	/home/dani/descartes_exp2/custom_dada2_preprocessing/results/01_cutadapt/run_02_optimized/trimmed_fastq/Z3.3t30_R1.trimmed.fastq.gz	/home/dani/descartes_exp2/custom_dada2_preprocessing/results/01_cutadapt/run_02_optimized/trimmed_fastq/Z3.3t30_R2.trimmed.fastq.gz	/home/dani/descartes_exp2/custom_dada2_preprocessing/results/01_cutadapt/run_02_optimized/sample_logs/Z3.3t30.cutadapt.log
Z3.3t7	65152	99.8	99.3	0	0	65152	100	/home/dani/descartes_exp2/custom_dada2_preprocessing/results/01_cutadapt/run_02_optimized/trimmed_fastq/Z3.3t7_R1.trimmed.fastq.gz	/home/dani/descartes_exp2/custom_dada2_preprocessing/results/01_cutadapt/run_02_optimized/trimmed_fastq/Z3.3t7_R2.trimmed.fastq.gz	/home/dani/descartes_exp2/custom_dada2_preprocessing/results/01_cutadapt/run_02_optimized/sample_logs/Z3.3t7.cutadapt.log
Z3.3t90	72191	99.6	99.5	0	0	72191	100	/home/dani/descartes_exp2/custom_dada2_preprocessing/results/01_cutadapt/run_02_optimized/trimmed_fastq/Z3.3t90_R1.trimmed.fastq.gz	/home/dani/descartes_exp2/custom_dada2_preprocessing/results/01_cutadapt/run_02_optimized/trimmed_fastq/Z3.3t90_R2.trimmed.fastq.gz	/home/dani/descartes_exp2/custom_dada2_preprocessing/results/01_cutadapt/run_02_optimized/sample_logs/Z3.3t90.cutadapt.log
Z3.4t30	67564	99.6	97.3	0	0	67564	100	/home/dani/descartes_exp2/custom_dada2_preprocessing/results/01_cutadapt/run_02_optimized/trimmed_fastq/Z3.4t30_R1.trimmed.fastq.gz	/home/dani/descartes_exp2/custom_dada2_preprocessing/results/01_cutadapt/run_02_optimized/trimmed_fastq/Z3.4t30_R2.trimmed.fastq.gz	/home/dani/descartes_exp2/custom_dada2_preprocessing/results/01_cutadapt/run_02_optimized/sample_logs/Z3.4t30.cutadapt.log
Z3.4t7	62127	100	79.5	0	0	62127	100	/home/dani/descartes_exp2/custom_dada2_preprocessing/results/01_cutadapt/run_02_optimized/trimmed_fastq/Z3.4t7_R1.trimmed.fastq.gz	/home/dani/descartes_exp2/custom_dada2_preprocessing/results/01_cutadapt/run_02_optimized/trimmed_fastq/Z3.4t7_R2.trimmed.fastq.gz	/home/dani/descartes_exp2/custom_dada2_preprocessing/results/01_cutadapt/run_02_optimized/sample_logs/Z3.4t7.cutadapt.log
Z3.4t90	66550	99.6	99.4	0	0	66550	100	/home/dani/descartes_exp2/custom_dada2_preprocessing/results/01_cutadapt/run_02_optimized/trimmed_fastq/Z3.4t90_R1.trimmed.fastq.gz	/home/dani/descartes_exp2/custom_dada2_preprocessing/results/01_cutadapt/run_02_optimized/trimmed_fastq/Z3.4t90_R2.trimmed.fastq.gz	/home/dani/descartes_exp2/custom_dada2_preprocessing/results/01_cutadapt/run_02_optimized/sample_logs/Z3.4t90.cutadapt.log
Z3.5t30	63913	99.6	71.3	0	0	63913	100	/home/dani/descartes_exp2/custom_dada2_preprocessing/results/01_cutadapt/run_02_optimized/trimmed_fastq/Z3.5t30_R1.trimmed.fastq.gz	/home/dani/descartes_exp2/custom_dada2_preprocessing/results/01_cutadapt/run_02_optimized/trimmed_fastq/Z3.5t30_R2.trimmed.fastq.gz	/home/dani/descartes_exp2/custom_dada2_preprocessing/results/01_cutadapt/run_02_optimized/sample_logs/Z3.5t30.cutadapt.log
Z3.5t7	66440	99.7	99.7	0	0	66440	100	/home/dani/descartes_exp2/custom_dada2_preprocessing/results/01_cutadapt/run_02_optimized/trimmed_fastq/Z3.5t7_R1.trimmed.fastq.gz	/home/dani/descartes_exp2/custom_dada2_preprocessing/results/01_cutadapt/run_02_optimized/trimmed_fastq/Z3.5t7_R2.trimmed.fastq.gz	/home/dani/descartes_exp2/custom_dada2_preprocessing/results/01_cutadapt/run_02_optimized/sample_logs/Z3.5t7.cutadapt.log
Z3.5t90	69459	99.7	99.5	0	0	69459	100	/home/dani/descartes_exp2/custom_dada2_preprocessing/results/01_cutadapt/run_02_optimized/trimmed_fastq/Z3.5t90_R1.trimmed.fastq.gz	/home/dani/descartes_exp2/custom_dada2_preprocessing/results/01_cutadapt/run_02_optimized/trimmed_fastq/Z3.5t90_R2.trimmed.fastq.gz	/home/dani/descartes_exp2/custom_dada2_preprocessing/results/01_cutadapt/run_02_optimized/sample_logs/Z3.5t90.cutadapt.log
